<code_scheme name="Default" version="173">
  <Objective-C>
    <option name="INDENT_NAMESPACE_MEMBERS" value="0" />
  </Objective-C>
  <Objective-C-extensions>
    <extensions>
      <pair source="cpp" header="h" fileNamingConvention="SNAKE_CASE" />
      <pair source="c" header="h" fileNamingConvention="SNAKE_CASE" />
    </extensions>
  </Objective-C-extensions>
  <codeStyleSettings language="ObjectiveC">
    <option name="LINE_COMMENT_AT_FIRST_COLUMN" value="false" />
    <option name="IF_BRACE_FORCE" value="3" />
    <option name="DOWHILE_BRACE_FORCE" value="3" />
    <option name="WHILE_BRACE_FORCE" value="3" />
    <option name="FOR_BRACE_FORCE" value="3" />
  </codeStyleSettings>
</code_scheme>